{
    "os": "Linux-5.15.0-50-generic-x86_64-with-glibc2.10",
    "python": "3.8.8",
    "heartbeatAt": "2023-07-08T03:36:37.771695",
    "startedAt": "2023-07-08T03:36:33.121301",
    "docker": null,
    "gpu": "NVIDIA GeForce RTX 3060",
    "gpu_count": 1,
    "cpu_count": 6,
    "cuda": null,
    "args": [
        "-f",
        "/home/indika/.local/share/jupyter/runtime/kernel-f633d8fc-71be-4b75-936e-1b9a7ff5bf7d.json"
    ],
    "state": "running",
    "program": "00.ipynb",
    "root": "/media/indika/Sync/Programmer-RD-AI/Programming/Projects/Python/Artifical-Intelligence/PyTorch/CNN/Intel Image Classification",
    "host": "programmer-rd-ai",
    "username": "indika",
    "executable": "/media/indika/Sync/anaconda3/bin/python3.8"
}
