{
    "os": "Linux-5.15.0-50-generic-x86_64-with-glibc2.10",
    "python": "3.8.8",
    "heartbeatAt": "2023-07-07T16:04:26.377890",
    "startedAt": "2023-07-07T16:04:23.179776",
    "docker": null,
    "gpu": "NVIDIA GeForce RTX 3060",
    "gpu_count": 1,
    "cpu_count": 6,
    "cuda": null,
    "args": [
        "-f",
        "/home/indika/.local/share/jupyter/runtime/kernel-de6307f9-f922-41fd-86cb-a68ab320a16a.json"
    ],
    "state": "running",
    "program": "00.ipynb",
    "root": "/media/indika/Sync/Programmer-RD-AI/Programming/Projects/Python/Artifical-Intelligence/PyTorch/CNN/Intel Image Classification",
    "host": "programmer-rd-ai",
    "username": "indika",
    "executable": "/media/indika/Sync/anaconda3/bin/python3.8"
}
