{"format": "torch", "nodes": [{"name": "convblock1.0", "id": 140330018610336, "class_name": "Conv2d(3, 8, kernel_size=(2, 2), stride=(1, 1), padding=(2, 2))", "parameters": [["weight", [8, 3, 2, 2]], ["bias", [8]]], "output_shape": [[32, 8, 115, 115]], "num_parameters": [96, 8]}, {"name": "convblock1.1", "id": 140330018610384, "class_name": "MaxPool2d(kernel_size=2, stride=2, padding=0, dilation=1, ceil_mode=False)", "parameters": [], "output_shape": [[32, 8, 57, 57]], "num_parameters": []}, {"name": "convblock1.2", "id": 140330018610480, "class_name": "BatchNorm2d(8, eps=1e-05, momentum=0.1, affine=True, track_running_stats=True)", "parameters": [["weight", [8]], ["bias", [8]]], "output_shape": [[32, 8, 57, 57]], "num_parameters": [8, 8]}, {"name": "convblock1.3", "id": 140330018609712, "class_name": "ReLU()", "parameters": [], "output_shape": [[32, 8, 57, 57]], "num_parameters": []}, {"name": "convblock2.0", "id": 140330018610096, "class_name": "Conv2d(8, 16, kernel_size=(2, 2), stride=(1, 1), padding=(2, 2))", "parameters": [["weight", [16, 8, 2, 2]], ["bias", [16]]], "output_shape": [[32, 16, 60, 60]], "num_parameters": [512, 16]}, {"name": "convblock2.1", "id": 140330442623344, "class_name": "MaxPool2d(kernel_size=2, stride=2, padding=0, dilation=1, ceil_mode=False)", "parameters": [], "output_shape": [[32, 16, 30, 30]], "num_parameters": []}, {"name": "convblock2.2", "id": 140330440692544, "class_name": "BatchNorm2d(16, eps=1e-05, momentum=0.1, affine=True, track_running_stats=True)", "parameters": [["weight", [16]], ["bias", [16]]], "output_shape": [[32, 16, 30, 30]], "num_parameters": [16, 16]}, {"name": "convblock2.3", "id": 140330018608272, "class_name": "ReLU()", "parameters": [], "output_shape": [[32, 16, 30, 30]], "num_parameters": []}, {"name": "convblock2.4", "id": 140330018609328, "class_name": "Dropout(p=0.5, inplace=False)", "parameters": [], "output_shape": [[32, 16, 30, 30]], "num_parameters": []}, {"name": "convblock3.0", "id": 140330018609856, "class_name": "Conv2d(16, 32, kernel_size=(2, 2), stride=(1, 1), padding=(2, 2))", "parameters": [["weight", [32, 16, 2, 2]], ["bias", [32]]], "output_shape": [[32, 32, 33, 33]], "num_parameters": [2048, 32]}, {"name": "convblock3.1", "id": 140330018610816, "class_name": "AvgPool2d(kernel_size=2, stride=2, padding=0)", "parameters": [], "output_shape": [[32, 32, 16, 16]], "num_parameters": []}, {"name": "convblock3.2", "id": 140330018611152, "class_name": "BatchNorm2d(32, eps=1e-05, momentum=0.1, affine=True, track_running_stats=True)", "parameters": [["weight", [32]], ["bias", [32]]], "output_shape": [[32, 32, 16, 16]], "num_parameters": [32, 32]}, {"name": "convblock3.3", "id": 140330018609904, "class_name": "ReLU()", "parameters": [], "output_shape": [[32, 32, 16, 16]], "num_parameters": []}, {"name": "convblock3.4", "id": 140330018611008, "class_name": "Dropout(p=0.5, inplace=False)", "parameters": [], "output_shape": [[32, 32, 16, 16]], "num_parameters": []}, {"name": "convblock4.0", "id": 140330018610768, "class_name": "Conv2d(32, 64, kernel_size=(2, 2), stride=(1, 1), padding=(2, 2))", "parameters": [["weight", [64, 32, 2, 2]], ["bias", [64]]], "output_shape": [[32, 64, 19, 19]], "num_parameters": [8192, 64]}, {"name": "convblock4.1", "id": 140330450445744, "class_name": "MaxPool2d(kernel_size=2, stride=2, padding=0, dilation=1, ceil_mode=False)", "parameters": [], "output_shape": [[32, 64, 9, 9]], "num_parameters": []}, {"name": "convblock4.2", "id": 140330212946896, "class_name": "BatchNorm2d(64, eps=1e-05, momentum=0.1, affine=True, track_running_stats=True)", "parameters": [["weight", [64]], ["bias", [64]]], "output_shape": [[32, 64, 9, 9]], "num_parameters": [64, 64]}, {"name": "convblock4.3", "id": 140330018453872, "class_name": "ReLU()", "parameters": [], "output_shape": [[32, 64, 9, 9]], "num_parameters": []}, {"name": "convblock4.4", "id": 140330440902064, "class_name": "Dropout(p=0.5, inplace=False)", "parameters": [], "output_shape": [[32, 64, 9, 9]], "num_parameters": []}, {"name": "convblock5.0", "id": 140330440692592, "class_name": "Conv2d(64, 128, kernel_size=(2, 2), stride=(1, 1), padding=(2, 2))", "parameters": [["weight", [128, 64, 2, 2]], ["bias", [128]]], "output_shape": [[32, 128, 12, 12]], "num_parameters": [32768, 128]}, {"name": "convblock5.1", "id": 140336782342272, "class_name": "MaxPool2d(kernel_size=2, stride=2, padding=0, dilation=1, ceil_mode=False)", "parameters": [], "output_shape": [[32, 128, 6, 6]], "num_parameters": []}, {"name": "convblock5.2", "id": 140330018610288, "class_name": "BatchNorm2d(128, eps=1e-05, momentum=0.1, affine=True, track_running_stats=True)", "parameters": [["weight", [128]], ["bias", [128]]], "output_shape": [[32, 128, 6, 6]], "num_parameters": [128, 128]}, {"name": "convblock5.3", "id": 140330018610576, "class_name": "ReLU()", "parameters": [], "output_shape": [[32, 128, 6, 6]], "num_parameters": []}, {"name": "linear1.0", "id": 140330018610864, "class_name": "Flatten(start_dim=1, end_dim=-1)", "parameters": [], "output_shape": [[32, 4608]], "num_parameters": []}, {"name": "linear1.1", "id": 140330018609664, "class_name": "Linear(in_features=4608, out_features=1024, bias=True)", "parameters": [["weight", [1024, 4608]], ["bias", [1024]]], "output_shape": [[32, 1024]], "num_parameters": [4718592, 1024]}, {"name": "linear1.2", "id": 140330018609280, "class_name": "BatchNorm1d(1024, eps=1e-05, momentum=0.1, affine=True, track_running_stats=True)", "parameters": [["weight", [1024]], ["bias", [1024]]], "output_shape": [[32, 1024]], "num_parameters": [1024, 1024]}, {"name": "linear1.3", "id": 140330018610960, "class_name": "ReLU()", "parameters": [], "output_shape": [[32, 1024]], "num_parameters": []}, {"name": "linear2.0", "id": 140330018607792, "class_name": "Linear(in_features=1024, out_features=2048, bias=True)", "parameters": [["weight", [2048, 1024]], ["bias", [2048]]], "output_shape": [[32, 2048]], "num_parameters": [2097152, 2048]}, {"name": "linear2.1", "id": 140330018610528, "class_name": "BatchNorm1d(2048, eps=1e-05, momentum=0.1, affine=True, track_running_stats=True)", "parameters": [["weight", [2048]], ["bias", [2048]]], "output_shape": [[32, 2048]], "num_parameters": [2048, 2048]}, {"name": "linear2.2", "id": 140330018609808, "class_name": "ReLU()", "parameters": [], "output_shape": [[32, 2048]], "num_parameters": []}, {"name": "linear2.3", "id": 140330018610048, "class_name": "Dropout(p=0.5, inplace=False)", "parameters": [], "output_shape": [[32, 2048]], "num_parameters": []}, {"name": "linear3.0", "id": 140330018611056, "class_name": "Linear(in_features=2048, out_features=1024, bias=True)", "parameters": [["weight", [1024, 2048]], ["bias", [1024]]], "output_shape": [[32, 1024]], "num_parameters": [2097152, 1024]}, {"name": "linear3.1", "id": 140330018610000, "class_name": "BatchNorm1d(1024, eps=1e-05, momentum=0.1, affine=True, track_running_stats=True)", "parameters": [["weight", [1024]], ["bias", [1024]]], "output_shape": [[32, 1024]], "num_parameters": [1024, 1024]}, {"name": "linear3.2", "id": 140330018610624, "class_name": "ReLU()", "parameters": [], "output_shape": [[32, 1024]], "num_parameters": []}, {"name": "output", "id": 140330018607744, "class_name": "Linear(in_features=1024, out_features=6, bias=True)", "parameters": [["weight", [6, 1024]], ["bias", [6]]], "output_shape": [[32, 6]], "num_parameters": [6144, 6]}], "edges": []}