{"format": "torch", "nodes": [{"name": "convblock1.0", "id": 140007237643520, "class_name": "Conv2d(3, 4, kernel_size=(2, 2), stride=(1, 1), padding=(2, 2))", "parameters": [["weight", [4, 3, 2, 2]], ["bias", [4]]], "output_shape": [[32, 4, 115, 115]], "num_parameters": [48, 4]}, {"name": "convblock1.1", "id": 140007237626272, "class_name": "MaxPool2d(kernel_size=2, stride=2, padding=0, dilation=1, ceil_mode=False)", "parameters": [], "output_shape": [[32, 4, 57, 57]], "num_parameters": []}, {"name": "convblock1.2", "id": 140007237643712, "class_name": "BatchNorm2d(4, eps=1e-05, momentum=0.1, affine=True, track_running_stats=True)", "parameters": [["weight", [4]], ["bias", [4]]], "output_shape": [[32, 4, 57, 57]], "num_parameters": [4, 4]}, {"name": "convblock1.3", "id": 140007237643664, "class_name": "ReLU()", "parameters": [], "output_shape": [[32, 4, 57, 57]], "num_parameters": []}, {"name": "convblock2.0", "id": 140007237642464, "class_name": "Conv2d(4, 8, kernel_size=(2, 2), stride=(1, 1), padding=(2, 2))", "parameters": [["weight", [8, 4, 2, 2]], ["bias", [8]]], "output_shape": [[32, 8, 60, 60]], "num_parameters": [128, 8]}, {"name": "convblock2.1", "id": 140007237644144, "class_name": "MaxPool2d(kernel_size=2, stride=2, padding=0, dilation=1, ceil_mode=False)", "parameters": [], "output_shape": [[32, 8, 30, 30]], "num_parameters": []}, {"name": "convblock2.2", "id": 140007237642080, "class_name": "BatchNorm2d(8, eps=1e-05, momentum=0.1, affine=True, track_running_stats=True)", "parameters": [["weight", [8]], ["bias", [8]]], "output_shape": [[32, 8, 30, 30]], "num_parameters": [8, 8]}, {"name": "convblock2.3", "id": 140007237642848, "class_name": "ReLU()", "parameters": [], "output_shape": [[32, 8, 30, 30]], "num_parameters": []}, {"name": "convblock3.0", "id": 140007237643856, "class_name": "Conv2d(8, 16, kernel_size=(2, 2), stride=(1, 1), padding=(2, 2))", "parameters": [["weight", [16, 8, 2, 2]], ["bias", [16]]], "output_shape": [[32, 16, 33, 33]], "num_parameters": [512, 16]}, {"name": "convblock3.1", "id": 140007237643568, "class_name": "AvgPool2d(kernel_size=2, stride=2, padding=0)", "parameters": [], "output_shape": [[32, 16, 16, 16]], "num_parameters": []}, {"name": "convblock3.2", "id": 140007237643136, "class_name": "BatchNorm2d(16, eps=1e-05, momentum=0.1, affine=True, track_running_stats=True)", "parameters": [["weight", [16]], ["bias", [16]]], "output_shape": [[32, 16, 16, 16]], "num_parameters": [16, 16]}, {"name": "convblock3.3", "id": 140007237643472, "class_name": "ReLU()", "parameters": [], "output_shape": [[32, 16, 16, 16]], "num_parameters": []}, {"name": "convblock3.4", "id": 140007237643424, "class_name": "Dropout(p=0.5, inplace=False)", "parameters": [], "output_shape": [[32, 16, 16, 16]], "num_parameters": []}, {"name": "convblock4.0", "id": 140007232723504, "class_name": "Conv2d(16, 32, kernel_size=(2, 2), stride=(1, 1), padding=(2, 2))", "parameters": [["weight", [32, 16, 2, 2]], ["bias", [32]]], "output_shape": [[32, 32, 19, 19]], "num_parameters": [2048, 32]}, {"name": "convblock4.1", "id": 140007232723888, "class_name": "MaxPool2d(kernel_size=2, stride=2, padding=0, dilation=1, ceil_mode=False)", "parameters": [], "output_shape": [[32, 32, 9, 9]], "num_parameters": []}, {"name": "convblock4.2", "id": 140007232723744, "class_name": "BatchNorm2d(32, eps=1e-05, momentum=0.1, affine=True, track_running_stats=True)", "parameters": [["weight", [32]], ["bias", [32]]], "output_shape": [[32, 32, 9, 9]], "num_parameters": [32, 32]}, {"name": "convblock4.3", "id": 140007232723120, "class_name": "ReLU()", "parameters": [], "output_shape": [[32, 32, 9, 9]], "num_parameters": []}, {"name": "convblock5.0", "id": 140007263734704, "class_name": "Conv2d(32, 64, kernel_size=(2, 2), stride=(1, 1), padding=(2, 2))", "parameters": [["weight", [64, 32, 2, 2]], ["bias", [64]]], "output_shape": [[32, 64, 12, 12]], "num_parameters": [8192, 64]}, {"name": "convblock5.1", "id": 140006846264896, "class_name": "MaxPool2d(kernel_size=2, stride=2, padding=0, dilation=1, ceil_mode=False)", "parameters": [], "output_shape": [[32, 64, 6, 6]], "num_parameters": []}, {"name": "convblock5.2", "id": 140006846263648, "class_name": "BatchNorm2d(64, eps=1e-05, momentum=0.1, affine=True, track_running_stats=True)", "parameters": [["weight", [64]], ["bias", [64]]], "output_shape": [[32, 64, 6, 6]], "num_parameters": [64, 64]}, {"name": "convblock5.3", "id": 140006846265280, "class_name": "ReLU()", "parameters": [], "output_shape": [[32, 64, 6, 6]], "num_parameters": []}, {"name": "linear1.0", "id": 140006846264416, "class_name": "Flatten(start_dim=1, end_dim=-1)", "parameters": [], "output_shape": [[32, 2304]], "num_parameters": []}, {"name": "linear1.1", "id": 140006846265712, "class_name": "Linear(in_features=2304, out_features=512, bias=True)", "parameters": [["weight", [512, 2304]], ["bias", [512]]], "output_shape": [[32, 512]], "num_parameters": [1179648, 512]}, {"name": "linear1.2", "id": 140006846263744, "class_name": "BatchNorm1d(512, eps=1e-05, momentum=0.1, affine=True, track_running_stats=True)", "parameters": [["weight", [512]], ["bias", [512]]], "output_shape": [[32, 512]], "num_parameters": [512, 512]}, {"name": "linear1.3", "id": 140006846266720, "class_name": "ReLU()", "parameters": [], "output_shape": [[32, 512]], "num_parameters": []}, {"name": "linear2.0", "id": 140006846265952, "class_name": "Linear(in_features=512, out_features=1024, bias=True)", "parameters": [["weight", [1024, 512]], ["bias", [1024]]], "output_shape": [[32, 1024]], "num_parameters": [524288, 1024]}, {"name": "linear2.1", "id": 140006846266816, "class_name": "BatchNorm1d(1024, eps=1e-05, momentum=0.1, affine=True, track_running_stats=True)", "parameters": [["weight", [1024]], ["bias", [1024]]], "output_shape": [[32, 1024]], "num_parameters": [1024, 1024]}, {"name": "linear2.2", "id": 140006846266336, "class_name": "ReLU()", "parameters": [], "output_shape": [[32, 1024]], "num_parameters": []}, {"name": "linear2.3", "id": 140006846265856, "class_name": "Dropout(p=0.5, inplace=False)", "parameters": [], "output_shape": [[32, 1024]], "num_parameters": []}, {"name": "linear3.0", "id": 140006846266480, "class_name": "Linear(in_features=1024, out_features=512, bias=True)", "parameters": [["weight", [512, 1024]], ["bias", [512]]], "output_shape": [[32, 512]], "num_parameters": [524288, 512]}, {"name": "linear3.1", "id": 140006846263696, "class_name": "BatchNorm1d(512, eps=1e-05, momentum=0.1, affine=True, track_running_stats=True)", "parameters": [["weight", [512]], ["bias", [512]]], "output_shape": [[32, 512]], "num_parameters": [512, 512]}, {"name": "linear3.2", "id": 140006846266144, "class_name": "ReLU()", "parameters": [], "output_shape": [[32, 512]], "num_parameters": []}, {"name": "output", "id": 140007237625792, "class_name": "Linear(in_features=512, out_features=6, bias=True)", "parameters": [["weight", [6, 512]], ["bias", [6]]], "output_shape": [[32, 6]], "num_parameters": [3072, 6]}], "edges": []}