{"format": "torch", "nodes": [{"name": "convblock1.0", "id": 140591135970448, "class_name": "Conv2d(3, 4, kernel_size=(2, 2), stride=(1, 1), padding=(2, 2))", "parameters": [["weight", [4, 3, 2, 2]], ["bias", [4]]], "output_shape": [[32, 4, 115, 115]], "num_parameters": [48, 4]}, {"name": "convblock1.1", "id": 140591135971072, "class_name": "MaxPool2d(kernel_size=2, stride=2, padding=0, dilation=1, ceil_mode=False)", "parameters": [], "output_shape": [[32, 4, 57, 57]], "num_parameters": []}, {"name": "convblock1.2", "id": 140591135973328, "class_name": "BatchNorm2d(4, eps=1e-05, momentum=0.1, affine=True, track_running_stats=True)", "parameters": [["weight", [4]], ["bias", [4]]], "output_shape": [[32, 4, 57, 57]], "num_parameters": [4, 4]}, {"name": "convblock1.3", "id": 140591135973136, "class_name": "ReLU()", "parameters": [], "output_shape": [[32, 4, 57, 57]], "num_parameters": []}, {"name": "convblock2.0", "id": 140591135971024, "class_name": "Conv2d(4, 8, kernel_size=(2, 2), stride=(1, 1), padding=(2, 2))", "parameters": [["weight", [8, 4, 2, 2]], ["bias", [8]]], "output_shape": [[32, 8, 60, 60]], "num_parameters": [128, 8]}, {"name": "convblock2.1", "id": 140591135970688, "class_name": "MaxPool2d(kernel_size=2, stride=2, padding=0, dilation=1, ceil_mode=False)", "parameters": [], "output_shape": [[32, 8, 30, 30]], "num_parameters": []}, {"name": "convblock2.2", "id": 140591135970832, "class_name": "BatchNorm2d(8, eps=1e-05, momentum=0.1, affine=True, track_running_stats=True)", "parameters": [["weight", [8]], ["bias", [8]]], "output_shape": [[32, 8, 30, 30]], "num_parameters": [8, 8]}, {"name": "convblock2.3", "id": 140591135970496, "class_name": "ReLU()", "parameters": [], "output_shape": [[32, 8, 30, 30]], "num_parameters": []}, {"name": "convblock3.0", "id": 140591135969728, "class_name": "Conv2d(8, 16, kernel_size=(2, 2), stride=(1, 1), padding=(2, 2))", "parameters": [["weight", [16, 8, 2, 2]], ["bias", [16]]], "output_shape": [[32, 16, 33, 33]], "num_parameters": [512, 16]}, {"name": "convblock3.1", "id": 140591135970976, "class_name": "AvgPool2d(kernel_size=2, stride=2, padding=0)", "parameters": [], "output_shape": [[32, 16, 16, 16]], "num_parameters": []}, {"name": "convblock3.2", "id": 140591135970016, "class_name": "BatchNorm2d(16, eps=1e-05, momentum=0.1, affine=True, track_running_stats=True)", "parameters": [["weight", [16]], ["bias", [16]]], "output_shape": [[32, 16, 16, 16]], "num_parameters": [16, 16]}, {"name": "convblock3.3", "id": 140591135973184, "class_name": "ReLU()", "parameters": [], "output_shape": [[32, 16, 16, 16]], "num_parameters": []}, {"name": "convblock3.4", "id": 140591135970928, "class_name": "Dropout(p=0.5, inplace=False)", "parameters": [], "output_shape": [[32, 16, 16, 16]], "num_parameters": []}, {"name": "convblock4.0", "id": 140591135970640, "class_name": "Conv2d(16, 32, kernel_size=(2, 2), stride=(1, 1), padding=(2, 2))", "parameters": [["weight", [32, 16, 2, 2]], ["bias", [32]]], "output_shape": [[32, 32, 19, 19]], "num_parameters": [2048, 32]}, {"name": "convblock4.1", "id": 140591135973040, "class_name": "MaxPool2d(kernel_size=2, stride=2, padding=0, dilation=1, ceil_mode=False)", "parameters": [], "output_shape": [[32, 32, 9, 9]], "num_parameters": []}, {"name": "convblock4.2", "id": 140591135970880, "class_name": "BatchNorm2d(32, eps=1e-05, momentum=0.1, affine=True, track_running_stats=True)", "parameters": [["weight", [32]], ["bias", [32]]], "output_shape": [[32, 32, 9, 9]], "num_parameters": [32, 32]}, {"name": "convblock4.3", "id": 140591135969392, "class_name": "ReLU()", "parameters": [], "output_shape": [[32, 32, 9, 9]], "num_parameters": []}, {"name": "convblock5.0", "id": 140591135970592, "class_name": "Conv2d(32, 64, kernel_size=(2, 2), stride=(1, 1), padding=(2, 2))", "parameters": [["weight", [64, 32, 2, 2]], ["bias", [64]]], "output_shape": [[32, 64, 12, 12]], "num_parameters": [8192, 64]}, {"name": "convblock5.1", "id": 140591135644592, "class_name": "MaxPool2d(kernel_size=2, stride=2, padding=0, dilation=1, ceil_mode=False)", "parameters": [], "output_shape": [[32, 64, 6, 6]], "num_parameters": []}, {"name": "convblock5.2", "id": 140591135644496, "class_name": "BatchNorm2d(64, eps=1e-05, momentum=0.1, affine=True, track_running_stats=True)", "parameters": [["weight", [64]], ["bias", [64]]], "output_shape": [[32, 64, 6, 6]], "num_parameters": [64, 64]}, {"name": "convblock5.3", "id": 140591135644832, "class_name": "ReLU()", "parameters": [], "output_shape": [[32, 64, 6, 6]], "num_parameters": []}, {"name": "linear1.0", "id": 140591135644400, "class_name": "Flatten(start_dim=1, end_dim=-1)", "parameters": [], "output_shape": [[32, 2304]], "num_parameters": []}, {"name": "linear1.1", "id": 140591135644784, "class_name": "Linear(in_features=2304, out_features=512, bias=True)", "parameters": [["weight", [512, 2304]], ["bias", [512]]], "output_shape": [[32, 512]], "num_parameters": [1179648, 512]}, {"name": "linear1.2", "id": 140591135643536, "class_name": "BatchNorm1d(512, eps=1e-05, momentum=0.1, affine=True, track_running_stats=True)", "parameters": [["weight", [512]], ["bias", [512]]], "output_shape": [[32, 512]], "num_parameters": [512, 512]}, {"name": "linear1.3", "id": 140591135643392, "class_name": "ReLU()", "parameters": [], "output_shape": [[32, 512]], "num_parameters": []}, {"name": "linear2.0", "id": 140591135644448, "class_name": "Linear(in_features=512, out_features=1024, bias=True)", "parameters": [["weight", [1024, 512]], ["bias", [1024]]], "output_shape": [[32, 1024]], "num_parameters": [524288, 1024]}, {"name": "linear2.1", "id": 140591135643872, "class_name": "BatchNorm1d(1024, eps=1e-05, momentum=0.1, affine=True, track_running_stats=True)", "parameters": [["weight", [1024]], ["bias", [1024]]], "output_shape": [[32, 1024]], "num_parameters": [1024, 1024]}, {"name": "linear2.2", "id": 140591135504128, "class_name": "ReLU()", "parameters": [], "output_shape": [[32, 1024]], "num_parameters": []}, {"name": "linear2.3", "id": 140591135504416, "class_name": "Dropout(p=0.5, inplace=False)", "parameters": [], "output_shape": [[32, 1024]], "num_parameters": []}, {"name": "linear3.0", "id": 140591135506288, "class_name": "Linear(in_features=1024, out_features=512, bias=True)", "parameters": [["weight", [512, 1024]], ["bias", [512]]], "output_shape": [[32, 512]], "num_parameters": [524288, 512]}, {"name": "linear3.1", "id": 140591135504272, "class_name": "BatchNorm1d(512, eps=1e-05, momentum=0.1, affine=True, track_running_stats=True)", "parameters": [["weight", [512]], ["bias", [512]]], "output_shape": [[32, 512]], "num_parameters": [512, 512]}, {"name": "linear3.2", "id": 140591135506192, "class_name": "ReLU()", "parameters": [], "output_shape": [[32, 512]], "num_parameters": []}, {"name": "output", "id": 140591135504704, "class_name": "Linear(in_features=512, out_features=6, bias=True)", "parameters": [["weight", [6, 512]], ["bias", [6]]], "output_shape": [[32, 6]], "num_parameters": [3072, 6]}], "edges": []}