{"format": "torch", "nodes": [{"name": "convblock1.0", "id": 140306656593808, "class_name": "Conv2d(3, 8, kernel_size=(2, 2), stride=(1, 1), padding=(2, 2))", "parameters": [["weight", [8, 3, 2, 2]], ["bias", [8]]], "output_shape": [[32, 8, 171, 171]], "num_parameters": [96, 8]}, {"name": "convblock1.1", "id": 140313700490736, "class_name": "MaxPool2d(kernel_size=2, stride=2, padding=0, dilation=1, ceil_mode=False)", "parameters": [], "output_shape": [[32, 8, 85, 85]], "num_parameters": []}, {"name": "convblock1.2", "id": 140306656593760, "class_name": "BatchNorm2d(8, eps=1e-05, momentum=0.1, affine=True, track_running_stats=True)", "parameters": [["weight", [8]], ["bias", [8]]], "output_shape": [[32, 8, 85, 85]], "num_parameters": [8, 8]}, {"name": "convblock1.3", "id": 140313709558368, "class_name": "ReLU()", "parameters": [], "output_shape": [[32, 8, 85, 85]], "num_parameters": []}, {"name": "convblock2.0", "id": 140306657282608, "class_name": "Conv2d(8, 16, kernel_size=(2, 2), stride=(1, 1), padding=(2, 2))", "parameters": [["weight", [16, 8, 2, 2]], ["bias", [16]]], "output_shape": [[32, 16, 88, 88]], "num_parameters": [512, 16]}, {"name": "convblock2.1", "id": 140306657627872, "class_name": "MaxPool2d(kernel_size=2, stride=2, padding=0, dilation=1, ceil_mode=False)", "parameters": [], "output_shape": [[32, 16, 44, 44]], "num_parameters": []}, {"name": "convblock2.2", "id": 140313709521888, "class_name": "BatchNorm2d(16, eps=1e-05, momentum=0.1, affine=True, track_running_stats=True)", "parameters": [["weight", [16]], ["bias", [16]]], "output_shape": [[32, 16, 44, 44]], "num_parameters": [16, 16]}, {"name": "convblock2.3", "id": 140306659030544, "class_name": "ReLU()", "parameters": [], "output_shape": [[32, 16, 44, 44]], "num_parameters": []}, {"name": "convblock3.0", "id": 140306656760256, "class_name": "Conv2d(16, 32, kernel_size=(2, 2), stride=(1, 1), padding=(2, 2))", "parameters": [["weight", [32, 16, 2, 2]], ["bias", [32]]], "output_shape": [[32, 32, 47, 47]], "num_parameters": [2048, 32]}, {"name": "convblock3.1", "id": 140313709556880, "class_name": "AvgPool2d(kernel_size=2, stride=2, padding=0)", "parameters": [], "output_shape": [[32, 32, 23, 23]], "num_parameters": []}, {"name": "convblock3.2", "id": 140307163500992, "class_name": "BatchNorm2d(32, eps=1e-05, momentum=0.1, affine=True, track_running_stats=True)", "parameters": [["weight", [32]], ["bias", [32]]], "output_shape": [[32, 32, 23, 23]], "num_parameters": [32, 32]}, {"name": "convblock3.3", "id": 140306656592848, "class_name": "ReLU()", "parameters": [], "output_shape": [[32, 32, 23, 23]], "num_parameters": []}, {"name": "convblock3.4", "id": 140306656593904, "class_name": "Dropout(p=0.5, inplace=False)", "parameters": [], "output_shape": [[32, 32, 23, 23]], "num_parameters": []}, {"name": "convblock4.0", "id": 140306656594048, "class_name": "Conv2d(32, 64, kernel_size=(2, 2), stride=(1, 1), padding=(2, 2))", "parameters": [["weight", [64, 32, 2, 2]], ["bias", [64]]], "output_shape": [[32, 64, 26, 26]], "num_parameters": [8192, 64]}, {"name": "convblock4.1", "id": 140306656594096, "class_name": "MaxPool2d(kernel_size=2, stride=2, padding=0, dilation=1, ceil_mode=False)", "parameters": [], "output_shape": [[32, 64, 13, 13]], "num_parameters": []}, {"name": "convblock4.2", "id": 140306656594144, "class_name": "BatchNorm2d(64, eps=1e-05, momentum=0.1, affine=True, track_running_stats=True)", "parameters": [["weight", [64]], ["bias", [64]]], "output_shape": [[32, 64, 13, 13]], "num_parameters": [64, 64]}, {"name": "convblock4.3", "id": 140306656592656, "class_name": "ReLU()", "parameters": [], "output_shape": [[32, 64, 13, 13]], "num_parameters": []}, {"name": "convblock5.0", "id": 140306656592752, "class_name": "Conv2d(64, 128, kernel_size=(2, 2), stride=(1, 1), padding=(2, 2))", "parameters": [["weight", [128, 64, 2, 2]], ["bias", [128]]], "output_shape": [[32, 128, 16, 16]], "num_parameters": [32768, 128]}, {"name": "convblock5.1", "id": 140306656592800, "class_name": "MaxPool2d(kernel_size=2, stride=2, padding=0, dilation=1, ceil_mode=False)", "parameters": [], "output_shape": [[32, 128, 8, 8]], "num_parameters": []}, {"name": "convblock5.2", "id": 140306656593376, "class_name": "BatchNorm2d(128, eps=1e-05, momentum=0.1, affine=True, track_running_stats=True)", "parameters": [["weight", [128]], ["bias", [128]]], "output_shape": [[32, 128, 8, 8]], "num_parameters": [128, 128]}, {"name": "convblock5.3", "id": 140306656594288, "class_name": "ReLU()", "parameters": [], "output_shape": [[32, 128, 8, 8]], "num_parameters": []}, {"name": "linear1.0", "id": 140306656593712, "class_name": "Flatten(start_dim=1, end_dim=-1)", "parameters": [], "output_shape": [[32, 8192]], "num_parameters": []}, {"name": "linear1.1", "id": 140306656594624, "class_name": "Linear(in_features=8192, out_features=1024, bias=True)", "parameters": [["weight", [1024, 8192]], ["bias", [1024]]], "output_shape": [[32, 1024]], "num_parameters": [8388608, 1024]}, {"name": "linear1.2", "id": 140306656594336, "class_name": "BatchNorm1d(1024, eps=1e-05, momentum=0.1, affine=True, track_running_stats=True)", "parameters": [["weight", [1024]], ["bias", [1024]]], "output_shape": [[32, 1024]], "num_parameters": [1024, 1024]}, {"name": "linear1.3", "id": 140306656594864, "class_name": "ReLU()", "parameters": [], "output_shape": [[32, 1024]], "num_parameters": []}, {"name": "linear2.0", "id": 140306656594000, "class_name": "Linear(in_features=1024, out_features=2048, bias=True)", "parameters": [["weight", [2048, 1024]], ["bias", [2048]]], "output_shape": [[32, 2048]], "num_parameters": [2097152, 2048]}, {"name": "linear2.1", "id": 140306656594960, "class_name": "BatchNorm1d(2048, eps=1e-05, momentum=0.1, affine=True, track_running_stats=True)", "parameters": [["weight", [2048]], ["bias", [2048]]], "output_shape": [[32, 2048]], "num_parameters": [2048, 2048]}, {"name": "linear2.2", "id": 140306656595056, "class_name": "ReLU()", "parameters": [], "output_shape": [[32, 2048]], "num_parameters": []}, {"name": "linear2.3", "id": 140306656595152, "class_name": "Dropout(p=0.5, inplace=False)", "parameters": [], "output_shape": [[32, 2048]], "num_parameters": []}, {"name": "linear3.0", "id": 140306656595104, "class_name": "Linear(in_features=2048, out_features=1024, bias=True)", "parameters": [["weight", [1024, 2048]], ["bias", [1024]]], "output_shape": [[32, 1024]], "num_parameters": [2097152, 1024]}, {"name": "linear3.1", "id": 140306656595200, "class_name": "BatchNorm1d(1024, eps=1e-05, momentum=0.1, affine=True, track_running_stats=True)", "parameters": [["weight", [1024]], ["bias", [1024]]], "output_shape": [[32, 1024]], "num_parameters": [1024, 1024]}, {"name": "linear3.2", "id": 140306656594768, "class_name": "ReLU()", "parameters": [], "output_shape": [[32, 1024]], "num_parameters": []}, {"name": "output", "id": 140306656594672, "class_name": "Linear(in_features=1024, out_features=6, bias=True)", "parameters": [["weight", [6, 1024]], ["bias", [6]]], "output_shape": [[32, 6]], "num_parameters": [6144, 6]}], "edges": []}